id,name,clan,nation,grade,power,shield,critical,skills,marker,istrigger,triggertype,boost,intercept,drive,flavor,image,tags
1,Protect I,None,None,-9999,0,0,0,,,FALSE,,FALSE,FALSE,0,,,Sentinel|Protect
2,Plant Token,Neo Nectar,Zoo,0,5000,0,1,,,FALSE,,TRUE,FALSE,1,,,Token
3,Evil Decoy Token,Nubatama,Dragon Empire,0,0,5000,1,,,FALSE,,FALSE,TRUE,1,,,Token
4,Vision Token,Kagero,Dragon Empire,3,13000,0,1,,,FALSE,,FALSE,FALSE,2,,,Token
5,Glyme,Royal Paladin,United Sanctuary,0,6000,10000,1,,,FALSE,,TRUE,FALSE,1,,,High Beast
6,"Bringer of Good Luck, Epona",Royal Paladin,United Sanctuary,0,5000,15000,1,,,TRUE,Critical,TRUE,FALSE,1,,,
7,Flogal,Royal Paladin,United Sanctuary,0,5000,15000,1,,,TRUE,Critical,TRUE,FALSE,1,,,High Beast
8,Margal,Royal Paladin,United Sanctuary,0,5000,5000,1,,,TRUE,Draw,TRUE,FALSE,1,,,High Beast
9,"Yggdrasil Maiden, Elaine",Royal Paladin,United Sanctuary,0,5000,20000,1,,,TRUE,Heal,TRUE,FALSE,1,,,
10,Auspice Falcon,Royal Paladin,United Sanctuary,1,6000,10000,1,,,FALSE,,TRUE,FALSE,1,,,High Beast
11,"Strong Knight, Rounoria",Royal Paladin,United Sanctuary,1,7000,0,1,,,FALSE,,TRUE,FALSE,1,,,Sentinel
12,"Knight Squire, Allen",Royal Paladin,United Sanctuary,1,8000,10000,1,,,FALSE,,TRUE,FALSE,1,,,
13,Wingal,Royal Paladin,United Sanctuary,1,8000,10000,1,,,FALSE,,TRUE,FALSE,1,,,High Beast
14,Blaster Blade,Royal Paladin,United Sanctuary,2,10000,5000,1,,,FALSE,,FALSE,TRUE,1,,,
15,"Sage of the Arts, Jauron",Royal Paladin,United Sanctuary,2,10000,5000,1,,,FALSE,,FALSE,TRUE,1,,,
16,"Knight of Silence, Gallatin",Royal Paladin,United Sanctuary,2,10000,10000,1,,,FALSE,,FALSE,TRUE,1,,,
17,Stardrive Dragon,Royal Paladin,United Sanctuary,3,13000,0,1,,Force,FALSE,,FALSE,FALSE,2,,,
18,Alfred Early,Royal Paladin,United Sanctuary,3,13000,0,1,,Force,FALSE,,FALSE,FALSE,2,,,
19,"Lizard Runner, Undeux",Kagero,Dragon Empire,0,6000,10000,1,,,FALSE,,TRUE,FALSE,1,,,
20,"Embodiment of Spear, Tahr",Kagero,Dragon Empire,0,5000,15000,1,,,TRUE,Critical,TRUE,FALSE,1,,,
21,"Demonic Dragon Mage, Rakshasa",Kagero,Dragon Empire,0,5000,15000,1,,,TRUE,Critical,TRUE,FALSE,1,,,
22,Red Gem Carbuncle,Kagero,Dragon Empire,0,5000,5000,1,,,TRUE,Draw,TRUE,FALSE,1,,,
23,"Dragon Monk, Genjo",Kagero,Dragon Empire,0,5000,20000,1,,,TRUE,Heal,TRUE,FALSE,1,,,
24,Guard Griffin,Kagero,Dragon Empire,1,7000,0,1,,,FALSE,,TRUE,FALSE,1,,,Sentinel
25,"Dragon Monk, Gojo",Kagero,Dragon Empire,1,8000,10000,1,,,FALSE,,TRUE,FALSE,1,,,
26,"Embodiment of Armor, Bahr",Kagero,Dragon Empire,1,8000,10000,1,,,FALSE,,TRUE,FALSE,1,,,
27,"Dragon Knight, Burj",Kagero,Dragon Empire,1,6000,10000,1,,,FALSE,,TRUE,FALSE,1,,,
28,Dragon Armored Knight,Kagero,Dragon Empire,2,10000,5000,1,,,FALSE,,FALSE,TRUE,1,,,
29,"Dragon Knight, Nehalem",Kagero,Dragon Empire,2,10000,5000,1,,,FALSE,,FALSE,TRUE,1,,,
30,"Embodiment of Shield, Lahm",Kagero,Dragon Empire,2,10000,10000,1,,,FALSE,,FALSE,TRUE,1,,,
31,Crested Dragon,Kagero,Dragon Empire,3,13000,0,1,,Force,FALSE,,FALSE,FALSE,2,,,
32,Dragonic Overlord,Kagero,Dragon Empire,3,13000,0,1,,Force,FALSE,,FALSE,FALSE,2,,,
33,Fullbau,Shadow Paladin,United Sanctuary,0,6000,10000,1,,,FALSE,,TRUE,FALSE,1,,,
34,Darkside Trumpeter,Shadow Paladin,United Sanctuary,0,5000,15000,1,,,TRUE,Critical,TRUE,FALSE,1,,,
35,Death Feather Eagle,Shadow Paladin,United Sanctuary,0,5000,15000,1,,,TRUE,Critical,TRUE,FALSE,1,,,
36,Howl Owl,Shadow Paladin,United Sanctuary,0,5000,5000,1,,,TRUE,Draw,TRUE,FALSE,1,,,
37,Abyss Healer,Shadow Paladin,United Sanctuary,0,5000,20000,1,,,TRUE,Heal,TRUE,FALSE,1,,,
38,Foldbau,Shadow Paladin,United Sanctuary,1,8000,10000,1,,,FALSE,,TRUE,FALSE,1,,,
39,Blaster Javelin,Shadow Paladin,United Sanctuary,1,8000,10000,1,,,FALSE,,TRUE,FALSE,1,,,
40,"Knight of Resistance, Limwris",Shadow Paladin,United Sanctuary,1,7000,0,1,,,FALSE,,TRUE,FALSE,1,,,Sentinel
41,"Witch of Nostrum, Arianrhod",Shadow Paladin,United Sanctuary,1,6000,10000,1,,,FALSE,,TRUE,FALSE,1,,,
42,Blaster Dark,Shadow Paladin,United Sanctuary,2,10000,5000,1,,,FALSE,,FALSE,TRUE,1,,,
43,Blaster Axe,Shadow Paladin,United Sanctuary,2,10000,5000,1,,,FALSE,,FALSE,TRUE,1,,,
44,"Witch of Calamity, Emer",Shadow Paladin,United Sanctuary,2,10000,10000,1,,,FALSE,,FALSE,TRUE,1,,,
45,"Pulverize Knight, Daman",Shadow Paladin,United Sanctuary,3,13000,0,1,,Force,FALSE,,FALSE,FALSE,2,,,
46,The Dark Dictator,Shadow Paladin,United Sanctuary,3,13000,0,1,,Force,FALSE,,FALSE,FALSE,2,,,
47,Spark Kid Dragoon,Narukami,Dragon Empire,0,6000,10000,1,,,FALSE,,TRUE,FALSE,1,,,
48,Yellow Gem Carbuncle,Narukami,Dragon Empire,0,5000,15000,1,,,TRUE,Critical,TRUE,FALSE,1,,,
49,"Zephyr Kid, Hayate",Narukami,Dragon Empire,0,5000,15000,1,,,TRUE,Front,TRUE,FALSE,1,,,
50,Old Dragon Mage,Narukami,Dragon Empire,0,5000,5000,1,,,TRUE,Draw,TRUE,FALSE,1,,,
51,"Worm Toxin Eradicator, Seiobo",Narukami,Dragon Empire,0,5000,20000,1,,,TRUE,Heal,TRUE,FALSE,1,,,
52,"Lizard Soldier, Riki",Narukami,Dragon Empire,1,8000,10000,1,,,FALSE,,TRUE,FALSE,1,,,
53,"Lizard Soldier, Ouho",Narukami,Dragon Empire,1,7000,0,1,,,FALSE,,TRUE,FALSE,1,,,Sentinel
54,Photon Bomber Wyvern,Narukami,Dragon Empire,1,8000,10000,1,,,FALSE,,TRUE,FALSE,1,,,
55,Red River Dragoon,Narukami,Dragon Empire,1,9000,0,1,,,FALSE,,TRUE,FALSE,1,,,
56,Excess Streak Dragon,Narukami,Dragon Empire,2,8000,5000,1,,,FALSE,,FALSE,TRUE,1,,,
57,Recklessness Dragon,Narukami,Dragon Empire,2,9000,5000,1,,,FALSE,,FALSE,TRUE,1,,,
58,Thunderstorm Dragoon,Narukami,Dragon Empire,2,9000,5000,1,,,FALSE,,FALSE,TRUE,1,,,
59,Duress Clap Dragon,Narukami,Dragon Empire,3,12000,0,1,,Accel,FALSE,,FALSE,FALSE,2,,,
60,Great Composure Dragon,Narukami,Dragon Empire,3,12000,0,1,,Accel,FALSE,,FALSE,FALSE,2,,,
61,Lozenge Magus,Oracle Think Tank,United Sanctuary,0,6000,10000,1,,,FALSE,,TRUE,FALSE,1,,,
62,"Oracle Guardian, Nike",Oracle Think Tank,United Sanctuary,0,5000,15000,1,,,TRUE,Critical,TRUE,FALSE,1,,,
63,Psychic Bird,Oracle Think Tank,United Sanctuary,0,5000,15000,1,,,TRUE,Critical,TRUE,FALSE,1,,,
64,Miracle Kid,Oracle Think Tank,United Sanctuary,0,5000,5000,1,,,TRUE,Draw,TRUE,FALSE,1,,,
65,Sphere Magus,Oracle Think Tank,United Sanctuary,0,5000,20000,1,,,TRUE,Heal,TRUE,FALSE,1,,,
66,Weal Crane,Oracle Think Tank,United Sanctuary,1,6000,10000,1,,,FALSE,,TRUE,FALSE,1,,,
67,Cuore Magus,Oracle Think Tank,United Sanctuary,1,8000,10000,1,,,FALSE,,TRUE,FALSE,1,,,
68,Ruote Magus,Oracle Think Tank,United Sanctuary,1,7000,0,1,,,FALSE,,TRUE,FALSE,1,,,Sentinel
69,Ripis Magus,Oracle Think Tank,United Sanctuary,1,8000,10000,1,,,FALSE,,TRUE,FALSE,1,,,
70,"Miko of Spiritual Light, Kinuka",Oracle Think Tank,United Sanctuary,2,8000,5000,1,,,FALSE,,FALSE,TRUE,1,,,
71,Rectangle Magus,Oracle Think Tank,United Sanctuary,2,9000,5000,1,,,FALSE,,FALSE,TRUE,1,,,
72,"Battle Sister, Orangette",Oracle Think Tank,United Sanctuary,2,12000,0,1,,,FALSE,,FALSE,TRUE,1,,,
73,"Miko of the Treasured Blade, Shizuki",Oracle Think Tank,United Sanctuary,3,12000,0,1,,Protect,FALSE,,FALSE,FALSE,2,,,
74,Hexagonal Magus,Oracle Think Tank,United Sanctuary,3,12000,0,1,,Protect,FALSE,,FALSE,FALSE,2,,,
75,"Officer Cadet, Erikk",Aqua Force,Magallanica,0,6000,10000,1,,,FALSE,,TRUE,FALSE,1,,,
76,Battleship Intelligence,Aqua Force,Magallanica,0,5000,15000,1,,,TRUE,Critical,TRUE,FALSE,1,,,
77,Dolphin Soldier of High Speed Raids,Aqua Force,Magallanica,0,5000,15000,1,,,TRUE,Front,TRUE,FALSE,1,,,
78,Pyroxene Communications Sea Otter Soldier,Aqua Force,Magallanica,0,5000,5000,1,,,TRUE,Draw,TRUE,FALSE,1,,,
79,Medical Officer of the Rainbow Elixer,Aqua Force,Magallanica,0,5000,20000,1,,,TRUE,Heal,TRUE,FALSE,1,,,
80,"Battle Siren, Dorothea",Aqua Force,Magallanica,1,7000,10000,1,,,FALSE,,TRUE,FALSE,1,,,
81,"Battle Siren, Emelda",Aqua Force,Magallanica,1,7000,0,1,,,FALSE,,TRUE,FALSE,1,,,Sentinel
82,"Tear Knight, Theo",Aqua Force,Magallanica,1,8000,10000,1,,,FALSE,,TRUE,FALSE,1,,,
83,"Storm Rider, Stelios",Aqua Force,Magallanica,1,9000,0,1,,,FALSE,,TRUE,FALSE,1,,,
84,"Tear Knight, Lazarus",Aqua Force,Magallanica,2,9000,5000,1,,,FALSE,,FALSE,TRUE,1,,,
85,Shotgun Assault,Aqua Force,Magallanica,2,9000,5000,1,,,FALSE,,FALSE,TRUE,1,,,
86,"Marine General of the Restless Tides, Algos",Aqua Force,Magallanica,2,9000,5000,1,,,FALSE,,FALSE,TRUE,1,,,
87,"Marine General of Raging Waves, Gondikas",Aqua Force,Magallanica,3,12000,0,1,,Accel,FALSE,,FALSE,FALSE,2,,,
88,Navalgazer Dragon,Aqua Force,Magallanica,3,12000,0,1,,Accel,FALSE,,FALSE,FALSE,2,,,
89,"Sprout Deletor, Luchi",Link Joker,Star Gate,0,6000,10000,1,,,FALSE,,TRUE,FALSE,1,,,
90,Asteroid Wolf,Link Joker,Star Gate,0,5000,15000,1,,,TRUE,Critical,TRUE,FALSE,1,,,
91,Pulse Monk of the Quaking Foot,Link Joker,Star Gate,0,5000,15000,1,,,TRUE,Critical,TRUE,FALSE,1,,,
92,Beloved Child of Superstring Theory,Link Joker,Star Gate,0,5000,5000,1,,,TRUE,Draw,TRUE,FALSE,1,,,
93,Lady Healer of the Torn World,Link Joker,Star Gate,0,5000,20000,1,,,TRUE,Heal,TRUE,FALSE,1,,,
94,"Ferment Deletor, Gaen",Link Joker,Star Gate,1,8000,10000,1,,,FALSE,,TRUE,FALSE,1,,,
95,"Wheel of the Galaxy, Cosmo Chaplet",Link Joker,Star Gate,1,7000,0,1,,,FALSE,,TRUE,FALSE,1,,,Sentinel
96,"Cathode of Collapse, Magnotear",Link Joker,Star Gate,1,6000,10000,1,,,FALSE,,TRUE,FALSE,1,,,
97,"Breaking Deletor, Gatario",Link Joker,Star Gate,1,8000,10000,1,,,FALSE,,TRUE,FALSE,1,,,
98,Big Gunner of the Cataclysmic Variable Star,Link Joker,Star Gate,2,9000,5000,1,,,FALSE,,FALSE,TRUE,1,,,
99,"Bloating Deletor, Gio",Link Joker,Star Gate,2,10000,10000,1,,,FALSE,,FALSE,TRUE,1,,,
100,"Swift Deletor, Geali",Link Joker,Star Gate,2,10000,5000,1,,,FALSE,,FALSE,TRUE,1,,,
101,Aromatalber Dragon,Link Joker,Star Gate,3,13000,0,1,,Force,FALSE,,FALSE,FALSE,2,,,
102,"Docking Deletor, Greion",Link Joker,Star Gate,3,13000,0,1,,Force,FALSE,,FALSE,FALSE,2,,,
103,"Pure Gifter, Aliche",Bermuda Triangle,Magallanica,0,6000,10000,1,,,FALSE,,TRUE,FALSE,1,,,
104,"Direct Sign, Pursh",Bermuda Triangle,Magallanica,0,5000,15000,1,,,TRUE,Critical,TRUE,FALSE,1,,,
105,"Lover Hope, Rina",Bermuda Triangle,Magallanica,0,5000,15000,1,,,TRUE,Critical,TRUE,FALSE,1,,,
106,"Jowful A la Carte, Irma",Bermuda Triangle,Magallanica,0,5000,5000,1,,,TRUE,Draw,TRUE,FALSE,1,,,
107,"Handmade Lover, Elena",Bermuda Triangle,Magallanica,0,5000,20000,1,,,TRUE,Heal,TRUE,FALSE,1,,,
108,"Special Message, Ourora",Bermuda Triangle,Magallanica,1,8000,10000,1,,,FALSE,,TRUE,FALSE,1,,,
109,"Best of Best, Isabella",Bermuda Triangle,Magallanica,1,7000,10000,1,,,FALSE,,TRUE,FALSE,1,,,
110,"Suave Heart, Lilly",Bermuda Triangle,Magallanica,1,7000,0,1,,,FALSE,,TRUE,FALSE,1,,,Sentinel
111,"Anybody Like, Lahti",Bermuda Triangle,Magallanica,1,8000,10000,1,,,FALSE,,TRUE,FALSE,1,,,
112,"Concealed Bitter, Enes",Bermuda Triangle,Magallanica,2,9000,5000,1,,,FALSE,,FALSE,TRUE,1,,,
113,"Feeling Hide, Rilm",Bermuda Triangle,Magallanica,2,10000,10000,1,,,FALSE,,FALSE,TRUE,1,,,
114,"Choco Love Heart, Liselotte",Bermuda Triangle,Magallanica,2,10000,5000,1,,,FALSE,,FALSE,TRUE,1,,,
115,"Graceful Prayer, Amie",Bermuda Triangle,Magallanica,3,13000,0,1,,Force,FALSE,,FALSE,FALSE,2,,,
116,"Full Full Appeal, Farlull",Bermuda Triangle,Magallanica,3,13000,0,1,,Force,FALSE,,FALSE,FALSE,2,,,
117,Pan of New Style,Genesis,United Sanctuary,0,6000,10000,1,,,FALSE,,TRUE,FALSE,1,,,
118,"Battle Maiden, Kukurihime",Genesis,United Sanctuary,0,5000,15000,1,,,TRUE,Critical,TRUE,FALSE,1,,,
119,Cyber Tiger,Genesis,United Sanctuary,0,5000,15000,1,,,TRUE,Critical,TRUE,FALSE,1,,,
120,Talisman Angel,Genesis,United Sanctuary,0,5000,5000,1,,,TRUE,Draw,TRUE,FALSE,1,,,
121,"Goddess of Self-sacrifice, Kushinada",Genesis,United Sanctuary,0,5000,0,1,,,TRUE,Draw,TRUE,FALSE,1,,,
122,"Witch of Big Pots, Laurier",Genesis,United Sanctuary,0,5000,20000,1,,,TRUE,Heal,TRUE,FALSE,1,,,
123,Diana of Moonlight,Genesis,United Sanctuary,1,8000,10000,1,,,FALSE,,TRUE,FALSE,1,,,
124,Ambrosial Snake,Genesis,United Sanctuary,1,7000,10000,1,,,FALSE,,TRUE,FALSE,1,,,
125,"Administrator of Hope, Pandora",Genesis,United Sanctuary,1,7000,0,1,,,FALSE,,TRUE,FALSE,1,,,Sentinel
126,Atlas of Heavenly Sphere,Genesis,United Sanctuary,1,8000,10000,1,,,FALSE,,TRUE,FALSE,1,,,
127,"White-clothed Sorcerer, Colts",Genesis,United Sanctuary,2,9000,5000,1,,,FALSE,,FALSE,TRUE,1,,,
128,Prometheus of Dancing Lights,Genesis,United Sanctuary,2,10000,10000,1,,,FALSE,,FALSE,TRUE,1,,,
129,Parthenos of Holy Verse,Genesis,United Sanctuary,2,10000,5000,1,,,FALSE,,FALSE,TRUE,1,,,
130,Perseus of Probity,Genesis,United Sanctuary,3,13000,0,1,,Force,FALSE,,FALSE,FALSE,2,,,
131,"Gleaming Lord, Uranus",Genesis,United Sanctuary,3,13000,0,1,,Force,FALSE,,FALSE,FALSE,2,,,
132,"Giant Deity of Distant World, Valkerion",Cray Elemental,Cray Elemental,5,70000,0,1,,,FALSE,,FALSE,FALSE,0,,,
133,"King of Knights, Alfred",Royal Paladin,United Sanctuary,3,13000,0,1,,Force,FALSE,,FALSE,FALSE,2,,,
134,Imperial Daughter,Oracle Think Tank,United Sanctuary,3,12000,0,1,,Protect,FALSE,,FALSE,FALSE,2,,,
135,Dragonic Waterfall,Kagero,Dragon Empire,3,13000,0,1,,Force,FALSE,,FALSE,FALSE,2,,,
136,Perfect Raizer,Nova Grappler,Star Gate,3,12000,0,1,,Accel,FALSE,,FALSE,FALSE,2,,,
137,Soul Saver Dragon,Royal Paladin,United Sanctuary,3,13000,0,1,,Force,FALSE,,FALSE,FALSE,2,,,
138,"High Dog Breeder, Akane",Royal Paladin,United Sanctuary,2,10000,5000,1,,,FALSE,,FALSE,TRUE,1,,,
139,CEO Amaterasu,Oracle Think Tank,United Sanctuary,3,12000,0,1,,Protect,FALSE,,FALSE,FALSE,2,,,
140,Silent Tom,Oracle Think Tank,United Sanctuary,2,9000,5000,1,,,FALSE,,FALSE,TRUE,1,,,
141,Circle Magus,Oracle Think Tank,United Sanctuary,1,8000,10000,1,,,FALSE,,TRUE,FALSE,1,,,
142,Berserk Dragon,Kagero,Dragon Empire,2,10000,5000,1,,,FALSE,,FALSE,TRUE,1,,,
143,"Flame of Hope, Aermo",Kagero,Dragon Empire,1,8000,10000,1,,,FALSE,,TRUE,FALSE,1,,,
144,Asura Kaiser,Nova Grappler,Star Gate,3,12000,0,1,,Accel,FALSE,,FALSE,FALSE,2,,,
145,Conjurer of Mithril,Royal Paladin,United Sanctuary,2,9000,5000,1,,,FALSE,,FALSE,TRUE,1,,,
146,"Little Sage, Marron",Royal Paladin,United Sanctuary,1,8000,10000,1,,,FALSE,,TRUE,FALSE,1,,,
147,"Flash Shield, Iseult",Royal Paladin,United Sanctuary,0,5000,0,1,,,TRUE,Draw,TRUE,FALSE,1,,,Sentinel
148,Victorious Deer,Oracle Think Tank,United Sanctuary,3,12000,0,1,,Protect,FALSE,,FALSE,FALSE,2,,,
149,Promise Daughter,Oracle Think Tank,United Sanctuary,2,9000,5000,1,,,FALSE,,FALSE,TRUE,1,,,
150,"Weather Forecaster, Miss Mist",Oracle Think Tank,United Sanctuary,0,5000,0,1,,,TRUE,Draw,TRUE,FALSE,1,,,Sentinel
151,Cruel Dragon,Kagero,Dragon Empire,3,13000,0,1,,Force,FALSE,,FALSE,FALSE,2,,,
152,Dragonic Gaias,Kagero,Dragon Empire,1,8000,10000,1,,,FALSE,,TRUE,FALSE,1,,,
153,"Wyvern Guard, Barri",Kagero,Dragon Empire,0,5000,0,1,,,TRUE,Draw,TRUE,FALSE,1,,,Sentinel
154,Hi-powered Raizer Custom,Nova Grappler,Star Gate,2,9000,5000,1,,,FALSE,,FALSE,TRUE,1,,,
155,Raizer Custom,Nova Grappler,Star Gate,1,8000,10000,1,,,FALSE,,TRUE,FALSE,1,,,
156,Twin Blader,Nova Grappler,Star Gate,0,5000,0,1,,,TRUE,Draw,TRUE,FALSE,1,,,Sentinel
157,Funelgal,Royal Paladin,United Sanctuary,2,10000,5000,1,,,FALSE,,FALSE,TRUE,1,,,
158,"Knight of Rose, Morgana",Royal Paladin,United Sanctuary,1,8000,10000,1,,,FALSE,,TRUE,FALSE,1,,,
159,Pongal,Royal Paladin,United Sanctuary,1,8000,10000,1,,,FALSE,,TRUE,FALSE,1,,,High Beast
160,"Yellow Witch, MeMe",Oracle Think Tank,United Sanctuary,2,9000,5000,1,,,FALSE,,FALSE,TRUE,1,,,
161,"Goddess of Insight, Sotoorihime",Oracle Think Tank,United Sanctuary,2,9000,5000,1,,,FALSE,,FALSE,TRUE,1,,,
162,"Oracle Guardian, Gemini",Oracle Think Tank,United Sanctuary,1,8000,10000,1,,,FALSE,,TRUE,FALSE,1,,,
163,Farfalle Magus,Oracle Think Tank,United Sanctuary,1,8000,10000,1,,,FALSE,,TRUE,FALSE,1,,,
164,Vortex Dragon,Kagero,Dragon Empire,3,13000,0,1,,Force,FALSE,,FALSE,FALSE,2,,,
165,"Prowling Dragon, Striken",Kagero,Dragon Empire,2,10000,5000,1,,,FALSE,,FALSE,TRUE,1,,,
166,Bellicosity Dragon,Kagero,Dragon Empire,2,10000,5000,1,,,FALSE,,FALSE,TRUE,1,,,
167,"Lizard Soldier, Raopia",Kagero,Dragon Empire,1,8000,10000,1,,,FALSE,,TRUE,FALSE,1,,,
168,Battledore Fighter,Nova Grappler,Star Gate,3,12000,0,1,,Accel,FALSE,,FALSE,FALSE,2,,,Hero
169,Miss Splendor,Nova Grappler,Star Gate,3,12000,0,1,,,FALSE,,FALSE,FALSE,2,,,Hero
170,Burstraizer,Nova Grappler,Star Gate,2,9000,5000,1,,,FALSE,,FALSE,TRUE,1,,,
171,Boomerang Thrower,Nova Grappler,Star Gate,2,9000,5000,1,,,FALSE,,FALSE,TRUE,1,,,Hero
172,Hate Reflector,Nova Grappler,Star Gate,1,7000,0,1,,,FALSE,,TRUE,FALSE,1,,,Sentinel
173,Gigantech Charger,Royal Paladin,United Sanctuary,3,13000,0,1,,,FALSE,,FALSE,FALSE,2,,,
174,"Knight of Devotion, Bergius",Royal Paladin,United Sanctuary,2,10000,5000,1,,,FALSE,,FALSE,TRUE,1,,,
175,"Herculean Knight, Allobrox",Royal Paladin,United Sanctuary,2,9000,5000,1,,,FALSE,,FALSE,TRUE,1,,,
176,"Radical Knight, Anil",Royal Paladin,United Sanctuary,1,8000,10000,1,,,FALSE,,TRUE,FALSE,1,,,
177,Miru Biru,Royal Paladin,United Sanctuary,1,7000,10000,1,,,FALSE,,TRUE,FALSE,1,,,High Beast
178,Lion Mane Stallion,Royal Paladin,United Sanctuary,1,7000,10000,1,,,FALSE,,TRUE,FALSE,1,,,High Beast
179,Giro,Royal Paladin,United Sanctuary,0,5000,10000,1,,,FALSE,,TRUE,FALSE,1,,,High Beast
180,"Battle Maiden, Sarasa",Oracle Think Tank,United Sanctuary,3,12000,0,1,,,FALSE,,FALSE,FALSE,2,,,
181,"Resolute Maiden, Chitose",Oracle Think Tank,United Sanctuary,3,12000,0,1,,,FALSE,,FALSE,FALSE,2,,,
182,"Weather Girl, Saft",Oracle Think Tank,United Sanctuary,2,9000,5000,1,,,FALSE,,FALSE,TRUE,1,,,
183,Solid Turtle,Oracle Think Tank,United Sanctuary,2,9000,5000,1,,,FALSE,,FALSE,TRUE,1,,,
184,"Goddess of Tide of Times, Mizunohame",Oracle Think Tank,United Sanctuary,1,8000,10000,1,,,FALSE,,TRUE,FALSE,1,,,
185,Petal Fairy,Oracle Think Tank,United Sanctuary,1,8000,10000,1,,,FALSE,,TRUE,FALSE,1,,,
186,Shooting Hobby,Oracle Think Tank,United Sanctuary,1,7000,15000,1,,,FALSE,,TRUE,FALSE,1,,,
187,Luck Bird,Oracle Think Tank,United Sanctuary,1,5000,10000,1,,,FALSE,,TRUE,FALSE,1,,,
188,Whiteness Rabbit,Oracle Think Tank,United Sanctuary,0,6000,10000,1,,,FALSE,,TRUE,FALSE,1,,,
189,Spillover Dragon,Kagero,Dragon Empire,2,10000,5000,1,,,FALSE,,FALSE,TRUE,1,,,
190,"Flame of Destruction, Verbti",Kagero,Dragon Empire,2,9000,5000,1,,,FALSE,,FALSE,TRUE,1,,,
191,Dominance Dragon,Kagero,Dragon Empire,1,8000,10000,1,,,FALSE,,TRUE,FALSE,1,,,
192,Instigate Griffon,Kagero,Dragon Empire,1,7000,10000,1,,,FALSE,,TRUE,FALSE,1,,,
193,"Great Bombing of Hellfire, Gabija",Kagero,Dragon Empire,1,7000,10000,1,,,FALSE,,TRUE,FALSE,1,,,
194,Fright Lock,Kagero,Dragon Empire,0,5000,10000,1,,,FALSE,,TRUE,FALSE,1,,,
195,Maximum Raizer,Nova Grappler,Star Gate,3,12000,0,1,,,FALSE,,FALSE,FALSE,3,,,
196,Iron Killer,Nova Grappler,Star Gate,2,9000,5000,1,,,FALSE,,FALSE,TRUE,1,,,
197,Cup Bowler,Nova Grappler,Star Gate,2,9000,5000,1,,,FALSE,,FALSE,TRUE,1,,,Hero
198,Death Army Guy,Nova Grappler,Star Gate,1,9000,0,1,,,FALSE,,TRUE,FALSE,1,,,
199,Transraizer,Nova Grappler,Star Gate,1,8000,10000,1,,,FALSE,,TRUE,FALSE,1,,,
200,Rocket Hammer Man,Nova Grappler,Star Gate,1,8000,10000,1,,,FALSE,,TRUE,FALSE,1,,,Hero
201,Jetraizer,Nova Grappler,Star Gate,1,7000,10000,1,,,FALSE,,TRUE,FALSE,1,,,
202,Tap the Hyper,Nova Grappler,Star Gate,0,6000,10000,1,,,FALSE,,TRUE,FALSE,1,,,Hero
203,Battleraizer,Nova Grappler,Star Gate,0,6000,10000,1,,,FALSE,,TRUE,FALSE,1,,,
204,Cat Butler,Nova Grappler,Star Gate,0,5000,10000,1,,,FALSE,,TRUE,FALSE,1,,,
205,Shining Lady,Nova Grappler,Star Gate,0,5000,15000,1,,,TRUE,Critical,TRUE,FALSE,1,,,
206,Red Lightning,Nova Grappler,Star Gate,0,5000,15000,1,,,TRUE,Critical,TRUE,FALSE,1,,,
207,Three Minutes,Nova Grappler,Star Gate,0,5000,5000,1,,,TRUE,Draw,TRUE,FALSE,1,,,
208,Cannon Ball,Nova Grappler,Star Gate,0,5000,15000,1,,,TRUE,Front,TRUE,FALSE,1,,,
209,Turboraizer,Nova Grappler,Star Gate,0,5000,15000,1,,,TRUE,Front,TRUE,FALSE,1,,,
210,Wall Boy,Nova Grappler,Star Gate,0,5000,20000,1,,,TRUE,Heal,TRUE,FALSE,1,,,
211,"Ravenous Dragon, Gigarex",Tachikaze,Dragon Empire,3,12000,0,1,,Accel,FALSE,,FALSE,FALSE,2,,,
212,General Seifried,Spike Brothers,Dark Zone,3,13000,0,1,,Force,FALSE,,FALSE,FALSE,2,,,
213,Machining Spark Hercules,Megacolony,Zoo,3,12000,0,1,,Protect,FALSE,,FALSE,FALSE,2,,,
214,"Tyrant, Deathrex",Tachikaze,Dragon Empire,3,12000,0,1,,Accel,FALSE,,FALSE,FALSE,2,,,
215,"Ravenous Dragon, Megarex",Tachikaze,Dragon Empire,2,9000,5000,1,,,FALSE,,FALSE,TRUE,1,,,
216,Juggernaut Maximum,Spike Brothers,Dark Zone,3,13000,0,1,,Force,FALSE,,FALSE,FALSE,2,,,
217,Spike Bouncer,Spike Brothers,Dark Zone,2,9000,5000,1,,,FALSE,,FALSE,TRUE,1,,,
218,Machining Stag Beetle,Megacolony,Zoo,3,12000,0,1,,Protect,FALSE,,FALSE,FALSE,2,,,
219,Machining Mantis,Megacolony,Zoo,2,9000,5000,1,,,FALSE,,FALSE,TRUE,1,,,
220,"Assault Dragon, Blightops",Tachikaze,Dragon Empire,2,9000,5000,1,,,FALSE,,FALSE,TRUE,1,,,
221,Sonic Noa,Tachikaze,Dragon Empire,1,8000,10000,1,,,FALSE,,TRUE,FALSE,1,,,
222,Archbird,Tachikaze,Dragon Empire,0,5000,0,1,,,TRUE,Draw,TRUE,FALSE,1,,,Sentinel
223,Unite Attacker,Spike Brothers,Dark Zone,3,13000,0,1,,Force,FALSE,,FALSE,FALSE,2,,,
224,Gyro Slinger,Spike Brothers,Dark Zone,1,8000,10000,1,,,FALSE,,TRUE,FALSE,1,,,
225,"Cheer Girl, Marilyn",Spike Brothers,Dark Zone,0,5000,0,1,,,TRUE,Draw,TRUE,FALSE,1,,,Sentinel
226,Death Warden Ant Lion,Megacolony,Zoo,3,12000,0,1,,Protect,FALSE,,FALSE,FALSE,2,,,
227,Machining Hornet,Megacolony,Zoo,1,8000,10000,1,,,FALSE,,TRUE,FALSE,1,,,
228,Paralyze Madonna,Megacolony,Zoo,0,5000,0,1,,,TRUE,Draw,TRUE,FALSE,1,,,Sentinel
229,Savage King,Tachikaze,Dragon Empire,3,12000,0,1,,Accel,FALSE,,FALSE,FALSE,2,,,
230,Attempt Mammoth,Tachikaze,Dragon Empire,2,9000,5000,1,,,FALSE,,FALSE,TRUE,1,,,
231,"Winged Dragon, Skyptero",Tachikaze,Dragon Empire,1,8000,10000,1,,,FALSE,,TRUE,FALSE,1,,,
232,"Vicious Claw Dragon, Laceraterex",Tachikaze,Dragon Empire,1,8000,10000,1,,,FALSE,,TRUE,FALSE,1,,,
233,"Stronghold Dragon, Robustops",Tachikaze,Dragon Empire,1,7000,0,1,,,FALSE,,TRUE,FALSE,1,,,Sentinel
234,"Treasured, Black Panther",Spike Brothers,Dark Zone,2,10000,5000,1,,,FALSE,,FALSE,TRUE,1,,,
235,"Highspeed, Brakki",Spike Brothers,Dark Zone,2,10000,5000,1,,,FALSE,,FALSE,TRUE,1,,,
236,"Commander, Garry Gannon",Spike Brothers,Dark Zone,1,8000,10000,1,,,FALSE,,TRUE,FALSE,1,,,
237,Wonder Boy,Spike Brothers,Dark Zone,1,8000,10000,1,,,FALSE,,TRUE,FALSE,1,,,
238,"Cheer Girl, Jamie",Spike Brothers,Dark Zone,1,7000,0,1,,,FALSE,,TRUE,FALSE,1,,,Sentinel
239,Water Gang,Megacolony,Zoo,2,9000,5000,1,,,FALSE,,FALSE,TRUE,1,,,
240,Bloody Hercules,Megacolony,Zoo,2,9000,5000,1,,,FALSE,,FALSE,TRUE,1,,,
241,Spiteful Hopper,Megacolony,Zoo,1,8000,10000,1,,,FALSE,,TRUE,FALSE,1,,,
242,Phantom Black,Megacolony,Zoo,1,8000,10000,1,,,FALSE,,TRUE,FALSE,1,,,
243,"Delusional Mutant, Dazzle Moth",Megacolony,Zoo,1,8000,10000,1,,,FALSE,,TRUE,FALSE,1,,,Sentinel
244,"Heavy Artillery Dragon, Sharangastego",Tachikaze,Dragon Empire,3,12000,0,1,,,FALSE,,FALSE,FALSE,2,,,
245,Savage Raider,Tachikaze,Dragon Empire,2,9000,5000,1,,,FALSE,,FALSE,TRUE,1,,,
246,"Sharp Blade Dragon, Refilstego",Tachikaze,Dragon Empire,2,8000,5000,1,,,FALSE,,FALSE,TRUE,1,,,
247,Assistopteryx,Tachikaze,Dragon Empire,1,9000,0,1,,,FALSE,,TRUE,FALSE,1,,,
248,Dragon Egg,Tachikaze,Dragon Empire,0,6000,10000,1,,,FALSE,,TRUE,FALSE,1,,,
249,Savage Aggressor,Tachikaze,Dragon Empire,0,5000,15000,1,,,TRUE,Critical,TRUE,FALSE,1,,,
250,Black Cannon Tiger,Tachikaze,Dragon Empire,0,5000,15000,1,,,TRUE,Critical,TRUE,FALSE,1,,,
251,"Cannon Fire Dragon, Sledge Ankylo",Tachikaze,Dragon Empire,0,5000,5000,1,,,TRUE,Draw,TRUE,FALSE,1,,,
252,"Herbivorous Dragon, Brutosaurus",Tachikaze,Dragon Empire,0,5000,15000,1,,,TRUE,Front,TRUE,FALSE,1,,,
253,"Pack Dragon, Tinyrex",Tachikaze,Dragon Empire,0,5000,15000,1,,,TRUE,Front,TRUE,FALSE,1,,,
254,Savage Shaman,Tachikaze,Dragon Empire,0,5000,20000,1,,,TRUE,Heal,TRUE,FALSE,1,,,
255,"Front-line Command, Sigiswald",Spike Brothers,Dark Zone,3,13000,0,1,,,FALSE,,FALSE,FALSE,2,,,
256,Bombing Tail-back,Spike Brothers,Dark Zone,2,10000,10000,1,,,FALSE,,FALSE,TRUE,1,,,
257,Diabolic Middle Guard,Spike Brothers,Dark Zone,2,9000,5000,1,,,FALSE,,FALSE,TRUE,1,,,
258,White Tight End,Spike Brothers,Dark Zone,1,8000,10000,1,,,FALSE,,TRUE,FALSE,1,,,
259,Funky Bazooka,Spike Brothers,Dark Zone,1,7000,10000,1,,,FALSE,,TRUE,FALSE,1,,,
260,Mecha Trainer,Spike Brothers,Dark Zone,0,6000,10000,1,,,FALSE,,TRUE,FALSE,1,,,
261,"Cheer Girl, Franny",Spike Brothers,Dark Zone,0,5000,10000,1,,,FALSE,,TRUE,FALSE,1,,,
262,Silence Joker,Spike Brothers,Dark Zone,0,5000,15000,1,,,TRUE,Critical,TRUE,FALSE,1,,,
263,Sonic Breaker,Spike Brothers,Dark Zone,0,5000,15000,1,,,TRUE,Critical,TRUE,FALSE,1,,,
264,Cheerful Lynx,Spike Brothers,Dark Zone,0,5000,5000,1,,,TRUE,Draw,TRUE,FALSE,1,,,
265,"Cheer Girl, Tiara",Spike Brothers,Dark Zone,0,5000,20000,1,,,TRUE,Heal,TRUE,FALSE,1,,,
266,"Strong Toxin Mutant, Hell Demise",Megacolony,Zoo,3,12000,0,1,,,FALSE,,FALSE,FALSE,2,,,
267,Nasty Smog,Megacolony,Zoo,2,9000,5000,1,,,FALSE,,FALSE,TRUE,1,,,
268,Burner Ant,Megacolony,Zoo,2,8000,5000,1,,,FALSE,,FALSE,TRUE,1,,,
269,Karma Queen,Megacolony,Zoo,1,7000,15000,1,,,FALSE,,TRUE,FALSE,1,,,
270,"Small Captain, Butterfly Officer",Megacolony,Zoo,1,6000,10000,1,,,FALSE,,TRUE,FALSE,1,,,
271,Jocular Cicada,Megacolony,Zoo,0,6000,10000,1,,,FALSE,,TRUE,FALSE,1,,,
272,Machining Worker Ant,Megacolony,Zoo,0,6000,10000,1,,,FALSE,,TRUE,FALSE,1,,,
273,Shelter Beetle,Megacolony,Zoo,0,5000,15000,1,,,TRUE,Critical,TRUE,FALSE,1,,,
274,Sharp Nail Scorpio,Megacolony,Zoo,0,5000,15000,1,,,TRUE,Critical,TRUE,FALSE,1,,,
275,"Larva Mutant, Larvadraf",Megacolony,Zoo,0,5000,5000,1,,,TRUE,Draw,TRUE,FALSE,1,,,
276,"Medical Battler, Ranpli",Megacolony,Zoo,0,5000,20000,1,,,TRUE,Heal,TRUE,FALSE,1,,,
277,"Ultimate Dimensional Robo, Great Daiyusha",Dimension Police,Star Gate,3,13000,0,1,,Force,FALSE,,FALSE,FALSE,2,,,
278,"King of Demonic Seas, Basskirk",Granblue,Magallanica,3,12000,0,1,,Protect,FALSE,,FALSE,FALSE,2,,,
279,"Blue Storm Dragon, Maelstrom",Aqua Force,Magallanica,3,12000,0,1,,Accel,FALSE,,FALSE,FALSE,2,,,
280,"Super Dimensional Robo, Daiyusha",Dimension Police,Star Gate,3,13000,0,1,,Force,FALSE,,FALSE,FALSE,2,,,
281,"Dimensional Robo, Daidragon",Dimension Police,Star Gate,2,10000,5000,1,,,FALSE,,FALSE,TRUE,1,,,
282,Ruin Shade,Granblue,Magallanica,2,9000,5000,1,,,FALSE,,FALSE,TRUE,1,,,
283,"Dandy Guy, Romario",Granblue,Magallanica,1,8000,10000,1,,,FALSE,,TRUE,FALSE,1,,,
284,"Storm Rider, Diamantes",Aqua Force,Magallanica,3,12000,0,1,,Accel,FALSE,,FALSE,FALSE,2,,,
285,Tidal Assault,Aqua Force,Magallanica,2,9000,5000,1,,,FALSE,,FALSE,TRUE,1,,,
286,"Dimensional Robo, Daibrave",Dimension Police,Star Gate,1,8000,10000,1,,,FALSE,,TRUE,FALSE,1,,,
287,Commander Laurel,Dimension Police,Star Gate,1,6000,10000,1,,,FALSE,,TRUE,FALSE,1,,,
288,Diamond Ace,Dimension Police,Star Gate,0,5000,0,1,,,TRUE,Draw,TRUE,FALSE,1,,,Sentinel
289,"Dragon Undead, Skull Dragon",Granblue,Magallanica,3,12000,0,1,,Protect,FALSE,,FALSE,FALSE,2,,,
290,Captain Nightmist,Granblue,Magallanica,2,9000,5000,1,,,FALSE,,FALSE,TRUE,1,,,
291,Gust Jinn,Granblue,Magallanica,0,5000,0,1,,,TRUE,Draw,TRUE,FALSE,1,,,Sentinel
292,"Battle Siren, Viviana",Aqua Force,Magallanica,1,8000,10000,1,,,FALSE,,TRUE,FALSE,1,,,
293,"Emerald Shield, Paschal",Aqua Force,Magallanica,0,5000,0,1,,,TRUE,Draw,TRUE,FALSE,1,,,Sentinel
294,Miracle Beauty,Dimension Police,Star Gate,3,13000,0,1,,Force,FALSE,,FALSE,FALSE,2,,,
295,Cosmo Beak,Dimension Police,Star Gate,2,10000,5000,1,,,FALSE,,FALSE,TRUE,1,,,
296,"Masked Police, Grander",Dimension Police,Star Gate,2,10000,5000,1,,,FALSE,,FALSE,TRUE,1,,,
297,"Dimensional Robo, Daimariner",Dimension Police,Star Gate,1,8000,10000,1,,,FALSE,,TRUE,FALSE,1,,,
298,"Masked Police, Elvino",Dimension Police,Star Gate,1,7000,0,1,,,FALSE,,TRUE,FALSE,1,,,Sentinel
299,"Witch Doctor of Treachery, Negrobreach",Granblue,Magallanica,3,12000,0,1,,Protect,FALSE,,FALSE,FALSE,2,,,
300,Commodore Blueblood,Granblue,Magallanica,2,9000,5000,1,,,FALSE,,FALSE,TRUE,1,,,
301,Evil Shade,Granblue,Magallanica,1,8000,10000,1,,,FALSE,,TRUE,FALSE,1,,,
302,Retreat Francine,Granblue,Magallanica,1,7000,0,1,,,FALSE,,TRUE,FALSE,1,,,Sentinel
303,Dancing Cutlass,Granblue,Magallanica,1,6000,10000,1,,,FALSE,,TRUE,FALSE,1,,,
304,Chappie the Ghostie,Granblue,Magallanica,0,5000,10000,1,,,FALSE,,TRUE,FALSE,1,,,
305,Trident Shooter,Aqua Force,Magallanica,2,9000,5000,1,,,FALSE,,FALSE,TRUE,1,,,
306,Light Signals Penguin Soldier,Aqua Force,Magallanica,1,8000,10000,1,,,FALSE,,TRUE,FALSE,1,,,
307,"Masked Police Leader, Silbard",Dimension Police,Star Gate,3,13000,0,1,,,FALSE,,FALSE,FALSE,2,,,
308,Mad Scepter X,Dimension Police,Star Gate,2,10000,10000,1,,,FALSE,,FALSE,TRUE,1,,,
309,Miracle Cutie,Dimension Police,Star Gate,2,10000,5000,1,,,FALSE,,FALSE,TRUE,1,,,
310,Miracle Dandy,Dimension Police,Star Gate,2,9000,5000,1,,,FALSE,,FALSE,TRUE,1,,,
311,"Dimensional Robo, Daitiger",Dimension Police,Star Gate,1,8000,10000,1,,,FALSE,,TRUE,FALSE,1,,,
312,"Dimensional Robo, Dailander",Dimension Police,Star Gate,1,8000,10000,1,,,FALSE,,TRUE,FALSE,1,,,
313,"Miracle Fairy, Larabi",Dimension Police,Star Gate,1,7000,10000,1,,,FALSE,,TRUE,FALSE,1,,,
314,"Dimensional Robo, Goyusha",Dimension Police,Star Gate,0,6000,10000,1,,,FALSE,,TRUE,FALSE,1,,,
315,"Dimensional Robo, Daibattles",Dimension Police,Star Gate,0,5000,15000,1,,,TRUE,Critical,TRUE,FALSE,1,,,
316,Justice Cobalt,Dimension Police,Star Gate,0,5000,15000,1,,,TRUE,Critical,TRUE,FALSE,1,,,
317,Army Penguin,Dimension Police,Star Gate,0,5000,5000,1,,,TRUE,Draw,TRUE,FALSE,1,,,
318,"Dimensional Robo, Gorescue",Dimension Police,Star Gate,0,5000,20000,1,,,TRUE,Heal,TRUE,FALSE,1,,,
319,Violence Flanger,Granblue,Magallanica,3,12000,0,1,,,FALSE,,FALSE,FALSE,2,,,
320,"Trendy Guy, Alvaro",Granblue,Magallanica,2,9000,5000,1,,,FALSE,,FALSE,TRUE,1,,,
321,Skeleton Bomber,Granblue,Magallanica,2,8000,5000,1,,,FALSE,,FALSE,TRUE,1,,,
322,"Grieving Bullet, Nightgewehr",Granblue,Magallanica,1,8000,10000,1,,,FALSE,,TRUE,FALSE,1,,,
323,Injury Shade,Granblue,Magallanica,1,7000,15000,1,,,FALSE,,TRUE,FALSE,1,,,
324,Norman the Ghostie,Granblue,Magallanica,1,7000,10000,1,,,FALSE,,TRUE,FALSE,1,,,
325,Guiding Zombie,Granblue,Magallanica,0,6000,10000,1,,,FALSE,,TRUE,FALSE,1,,,
326,Knight Spirit,Granblue,Magallanica,0,5000,15000,1,,,TRUE,Critical,TRUE,FALSE,1,,,
327,Mortal Mimic,Granblue,Magallanica,0,5000,15000,1,,,TRUE,Critical,TRUE,FALSE,1,,,
328,"Pirate Ship Handler, Paolo",Granblue,Magallanica,0,5000,5000,1,,,TRUE,Draw,TRUE,FALSE,1,,,
329,Rick the Ghostie,Granblue,Magallanica,0,5000,20000,1,,,TRUE,Heal,TRUE,FALSE,1,,,
330,Riptide Dragon,Aqua Force,Magallanica,3,12000,0,1,,,FALSE,,FALSE,FALSE,2,,,
331,"Storm Rider, Basil",Aqua Force,Magallanica,2,9000,5000,1,,,FALSE,,FALSE,TRUE,1,,,
332,Influent Dagger,Aqua Force,Magallanica,1,7000,10000,1,,,FALSE,,TRUE,FALSE,1,,,
333,Supersonic Sailor,Aqua Force,Magallanica,0,5000,15000,1,,,TRUE,Critical,TRUE,FALSE,1,,,
334,Outride Dracokid,Aqua Force,Magallanica,0,5000,15000,1,,,TRUE,Front,TRUE,FALSE,1,,,
335,Phantom Blaster Dragon,Shadow Paladin,United Sanctuary,3,13000,0,1,,Force,FALSE,,FALSE,FALSE,2,,,
336,"Dueling Dragon, ZANBAKU",Murakumo,Dragon Empire,3,12000,0,1,,Accel,FALSE,,FALSE,FALSE,2,,,
337,"No Life King, Death Anchor",Dark Irregulars,Dark Zone,3,12000,0,1,,Protect,FALSE,,FALSE,FALSE,2,,,
338,Golden Beast Tamer,Pale Moon,Dark Zone,3,12000,0,1,,Accel,FALSE,,FALSE,FALSE,2,,,
339,"Darkness Maiden, Macha",Shadow Paladin,United Sanctuary,2,10000,5000,1,,,FALSE,,FALSE,TRUE,1,,,
340,"Black Sage, Charon",Shadow Paladin,United Sanctuary,1,8000,10000,1,,,FALSE,,TRUE,FALSE,1,,,
341,"Skull Witch, Nemain",Shadow Paladin,United Sanctuary,1,5000,10000,1,,,FALSE,,TRUE,FALSE,1,,,
342,"Swift Archer, FUSHIMI",Murakumo,Dragon Empire,2,9000,5000,1,,,FALSE,,FALSE,TRUE,1,,,
343,Gwynn the Ripper,Dark Irregulars,Dark Zone,2,9000,5000,1,,,FALSE,,FALSE,TRUE,1,,,
344,Vroukalakas,Dark Irregulars,Dark Zone,1,7000,10000,1,,,FALSE,,TRUE,FALSE,1,,,
345,"Nightmare Doll, Alice",Pale Moon,Dark Zone,3,12000,0,1,,Accel,FALSE,,FALSE,FALSE,2,,,Workeroid
346,Purple Trapezist,Pale Moon,Dark Zone,1,7000,10000,1,,,FALSE,,TRUE,FALSE,1,,,
347,Blaster Rapier,Shadow Paladin,United Sanctuary,2,9000,5000,1,,,FALSE,,FALSE,TRUE,1,,,
348,Blaster Dagger,Shadow Paladin,United Sanctuary,1,8000,10000,1,,,FALSE,,TRUE,FALSE,1,,,
349,"Dark Shield, Mac Lir",Shadow Paladin,United Sanctuary,0,5000,0,1,,,TRUE,Draw,TRUE,FALSE,1,,,Sentinel
350,"Covert Demonic Dragon, Mandala Lord",Murakumo,Dragon Empire,3,12000,0,1,,Accel,FALSE,,FALSE,FALSE,2,,,
351,"Twin Swordsman, MUSASHI",Murakumo,Dragon Empire,3,12000,0,1,,Accel,FALSE,,FALSE,FALSE,2,,,
352,"Stealth Beast, Leaves Mirage",Murakumo,Dragon Empire,0,5000,0,1,,,TRUE,Draw,TRUE,FALSE,1,,,Sentinel
353,Demon Eater,Dark Irregulars,Dark Zone,3,12000,0,1,,Protect,FALSE,,FALSE,FALSE,2,,,
354,Doreen the Thruster,Dark Irregulars,Dark Zone,1,6000,10000,1,,,FALSE,,TRUE,FALSE,1,,,
355,March Rabbit of Nightmareland,Dark Irregulars,Dark Zone,0,5000,0,1,,,TRUE,Draw,TRUE,FALSE,1,,,Sentinel
356,Artilleryman,Pale Moon,Dark Zone,3,12000,0,1,,Accel,FALSE,,FALSE,FALSE,2,,,
357,Jumping Jill,Pale Moon,Dark Zone,2,9000,5000,1,,,FALSE,,FALSE,TRUE,1,,,Workeroid
358,Hades Hypnotist,Pale Moon,Dark Zone,0,5000,0,1,,,TRUE,Draw,TRUE,FALSE,1,,,Sentinel
359,"Dark Mage, Badhabh Caar",Shadow Paladin,United Sanctuary,3,13000,0,1,,Force,FALSE,,FALSE,FALSE,2,,,
360,Cursed Lancer,Shadow Paladin,United Sanctuary,2,10000,5000,1,,,FALSE,,FALSE,TRUE,1,,,
361,"Stealth Beast, Bloody Mist",Murakumo,Dragon Empire,2,9000,5000,1,,,FALSE,,FALSE,TRUE,1,,,
362,Right Arrester,Murakumo,Dragon Empire,2,9000,5000,1,,,FALSE,,FALSE,TRUE,1,,,
363,Left Arrester,Murakumo,Dragon Empire,2,9000,5000,1,,,FALSE,,FALSE,TRUE,1,,,
364,"Stealth Beast, Million Rat",Murakumo,Dragon Empire,1,8000,10000,1,,,FALSE,,TRUE,FALSE,1,,,
365,"Stealth Fiend, Hamper Gapper",Murakumo,Dragon Empire,1,7000,0,1,,,FALSE,,TRUE,FALSE,1,,,Sentinel
366,Ghoulish Despoiler,Dark Irregulars,Dark Zone,3,12000,0,1,,Protect,FALSE,,FALSE,FALSE,2,,,
367,Werwolf Sieger,Dark Irregulars,Dark Zone,2,9000,5000,1,,,FALSE,,FALSE,TRUE,1,,,
368,"Blood Sacrifice, Ruthven",Dark Irregulars,Dark Zone,2,9000,5000,1,,,FALSE,,FALSE,TRUE,1,,,
369,Prisoner Beast,Dark Irregulars,Dark Zone,1,8000,10000,1,,,FALSE,,TRUE,FALSE,1,,,
370,Succubus of Dedicated Love,Dark Irregulars,Dark Zone,1,7000,0,1,,,FALSE,,TRUE,FALSE,1,,,Sentinel
371,Nitro Juggler,Pale Moon,Dark Zone,2,9000,5000,1,,,FALSE,,FALSE,TRUE,1,,,Workeroid
372,Magical Boxtreamer,Pale Moon,Dark Zone,2,9000,5000,1,,,FALSE,,FALSE,TRUE,1,,,
373,Starting Presenter,Pale Moon,Dark Zone,1,8000,10000,1,,,FALSE,,TRUE,FALSE,1,,,
374,Midnight Bunny,Pale Moon,Dark Zone,1,8000,10000,1,,,FALSE,,TRUE,FALSE,1,,,
375,Entire Monkey,Pale Moon,Dark Zone,1,7000,0,1,,,FALSE,,TRUE,FALSE,1,,,Sentinel
376,"Fiery Knight, Loeg",Shadow Paladin,United Sanctuary,3,13000,0,1,,,FALSE,,FALSE,FALSE,2,,,
377,"Reclusive Knight, Aengus",Shadow Paladin,United Sanctuary,2,10000,5000,1,,,FALSE,,FALSE,TRUE,1,,,
378,"Tragic Knight, Cathbad",Shadow Paladin,United Sanctuary,2,10000,5000,1,,,FALSE,,FALSE,TRUE,1,,,
379,"Mage of Destruction, Feidlech",Shadow Paladin,United Sanctuary,2,9000,5000,1,,,FALSE,,FALSE,TRUE,1,,,
380,Invest Falcon,Shadow Paladin,United Sanctuary,1,8000,10000,1,,,FALSE,,TRUE,FALSE,1,,,
381,Abyss Router,Shadow Paladin,United Sanctuary,1,7000,10000,1,,,FALSE,,TRUE,FALSE,1,,,
382,Nightmare Painter,Shadow Paladin,United Sanctuary,1,7000,10000,1,,,FALSE,,TRUE,FALSE,1,,,
383,"Stealth Fiend, Hyakume Shadow",Murakumo,Dragon Empire,3,12000,0,1,,,FALSE,,FALSE,FALSE,2,,,
384,"Stealth Dragon, Magai Mandala",Murakumo,Dragon Empire,2,9000,5000,1,,,FALSE,,FALSE,TRUE,1,,,
385,"Stealth Dragon, Soukoku Zapper",Murakumo,Dragon Empire,1,9000,0,1,,,FALSE,,TRUE,FALSE,1,,,
386,"Stealth Dragon, Turbulent Edge",Murakumo,Dragon Empire,1,8000,10000,1,,,FALSE,,TRUE,FALSE,1,,,
387,"Stealth Rogue of Silence, Shijimamaru",Murakumo,Dragon Empire,1,7000,10000,1,,,FALSE,,TRUE,FALSE,1,,,
388,"Stealth Dragon, Amatsu Snipe",Murakumo,Dragon Empire,1,7000,10000,1,,,FALSE,,TRUE,FALSE,1,,,
389,"Stealth Beast, Cat Devil",Murakumo,Dragon Empire,0,6000,10000,1,,,FALSE,,TRUE,FALSE,1,,,
390,"Stealth Beast, Moon Edge",Murakumo,Dragon Empire,0,5000,15000,1,,,TRUE,Critical,TRUE,FALSE,1,,,
391,"Stealth Dragon, Zanba Rider",Murakumo,Dragon Empire,0,5000,15000,1,,,TRUE,Critical,TRUE,FALSE,1,,,
392,"Stealth Beast, Cat Rouge",Murakumo,Dragon Empire,0,5000,5000,1,,,TRUE,Draw,TRUE,FALSE,1,,,
393,"Fox Tamer, Izuna",Murakumo,Dragon Empire,0,5000,15000,1,,,TRUE,Front,TRUE,FALSE,1,,,
394,"Stealth Beast, Ahead Panther",Murakumo,Dragon Empire,0,5000,15000,1,,,TRUE,Front,TRUE,FALSE,1,,,
395,"Stealth Fiend, Yukihime",Murakumo,Dragon Empire,0,5000,20000,1,,,TRUE,Heal,TRUE,FALSE,1,,,
396,Terrifying Fist,Dark Irregulars,Dark Zone,3,12000,0,1,,,FALSE,,FALSE,FALSE,2,,,
397,Obstacle Offender,Dark Irregulars,Dark Zone,2,9000,5000,1,,,FALSE,,FALSE,TRUE,1,,,
398,Succubus of Seductive Smile,Dark Irregulars,Dark Zone,2,9000,5000,1,,,FALSE,,FALSE,TRUE,1,,,
399,Werbear Verfolger,Dark Irregulars,Dark Zone,2,8000,5000,1,,,FALSE,,FALSE,TRUE,1,,,
400,Werwolf Freiwilliger,Dark Irregulars,Dark Zone,1,8000,10000,1,,,FALSE,,TRUE,FALSE,1,,,
401,Anomalous Esper,Dark Irregulars,Dark Zone,1,7000,15000,1,,,FALSE,,TRUE,FALSE,1,,,
402,Vermillion Gatekeeper,Dark Irregulars,Dark Zone,0,6000,10000,1,,,FALSE,,TRUE,FALSE,1,,,
403,Werluchs Gefreiter,Dark Irregulars,Dark Zone,0,5000,15000,1,,,TRUE,Critical,TRUE,FALSE,1,,,
404,Blitzritter,Dark Irregulars,Dark Zone,0,5000,15000,1,,,TRUE,Critical,TRUE,FALSE,1,,,
405,Hysteric Shirley,Dark Irregulars,Dark Zone,0,5000,5000,1,,,TRUE,Draw,TRUE,FALSE,1,,,
406,Cursed Doctor,Dark Irregulars,Dark Zone,0,5000,20000,1,,,TRUE,Heal,TRUE,FALSE,1,,,
407,Comicality Chimera,Pale Moon,Dark Zone,3,12000,0,1,,,FALSE,,FALSE,FALSE,2,,,
408,Amaranth Beast Tamer,Pale Moon,Dark Zone,2,9000,5000,1,,,FALSE,,FALSE,TRUE,1,,,
409,Dancing Knifedancer,Pale Moon,Dark Zone,2,9000,5000,1,,,FALSE,,FALSE,TRUE,1,,,
410,Dark Metal Bicorn,Pale Moon,Dark Zone,1,9000,0,1,,,FALSE,,TRUE,FALSE,1,,,
411,Fluster Cadet,Pale Moon,Dark Zone,1,8000,10000,1,,,FALSE,,TRUE,FALSE,1,,,
412,Entertain Messenger,Pale Moon,Dark Zone,0,6000,10000,1,,,FALSE,,TRUE,FALSE,1,,,
413,Dynamite Juggler,Pale Moon,Dark Zone,0,5000,15000,1,,,TRUE,Critical,TRUE,FALSE,1,,,
414,Poison Juggler,Pale Moon,Dark Zone,0,5000,15000,1,,,TRUE,Critical,TRUE,FALSE,1,,,
415,Rainbow Magician,Pale Moon,Dark Zone,0,5000,5000,1,,,TRUE,Draw,TRUE,FALSE,1,,,
416,Skyhigh Walker,Pale Moon,Dark Zone,0,5000,15000,1,,,TRUE,Front,TRUE,FALSE,1,,,
417,Hoop Magician,Pale Moon,Dark Zone,0,5000,15000,1,,,TRUE,Front,TRUE,FALSE,1,,,
418,Candy Clown,Pale Moon,Dark Zone,0,5000,20000,1,,,TRUE,Heal,TRUE,FALSE,1,,,
419,"Solidify Celestial, Zerachiel",Angel Feather,United Sanctuary,3,12000,0,1,,Protect,FALSE,,FALSE,FALSE,2,,,
420,"Incandescent Lion, Blond Ezel",Gold Paladin,United Sanctuary,3,12000,0,1,,Accel,FALSE,,FALSE,FALSE,2,,,
421,"White Lily Musketeer, Cecilia",Neo Nectar,Zoo,3,13000,0,1,,Force,FALSE,,FALSE,FALSE,2,,,
422,"Crimson Impact, Metatron",Angel Feather,United Sanctuary,3,12000,0,1,,Protect,FALSE,,FALSE,FALSE,2,,,
423,"Rear Impetus Celestial, Armaiti",Angel Feather,United Sanctuary,2,9000,5000,1,,,FALSE,,FALSE,TRUE,1,,,
424,"Knight of Superior Skills, Beaumains",Gold Paladin,United Sanctuary,2,9000,5000,1,,,FALSE,,FALSE,TRUE,1,,,
425,"Player of the Holy Bow, Viviane",Gold Paladin,United Sanctuary,2,9000,5000,1,,,FALSE,,FALSE,TRUE,1,,,
426,"Pansy Musketeer, Sylvia",Neo Nectar,Zoo,2,10000,5000,1,,,FALSE,,FALSE,TRUE,1,,,
427,"Lily of the Valley Musketeer, Rebecca",Neo Nectar,Zoo,1,8000,10000,1,,,FALSE,,TRUE,FALSE,1,,,
428,"Mobile Hospital, Feather Palace",Angel Feather,United Sanctuary,3,12000,0,1,,Protect,FALSE,,FALSE,FALSE,2,,,
429,"Wild Shot Celestial, Raguel",Angel Feather,United Sanctuary,2,9000,5000,1,,,FALSE,,FALSE,TRUE,1,,,
430,"Battle Cupid, Nociel",Angel Feather,United Sanctuary,0,5000,0,1,,,TRUE,Draw,TRUE,FALSE,1,,,Sentinel
431,"Battlefield Storm, Sagramore",Gold Paladin,United Sanctuary,3,12000,0,1,,Accel,FALSE,,FALSE,FALSE,2,,,
432,"White Hare in the Moon's Shadow, Pellinore",Gold Paladin,United Sanctuary,3,12000,0,1,,Accel,FALSE,,FALSE,FALSE,2,,,
433,"Halo Shield, Mark",Gold Paladin,United Sanctuary,0,5000,0,1,,,TRUE,Draw,TRUE,FALSE,1,,,Sentinel
434,Maiden of Trailing Rose,Neo Nectar,Zoo,3,13000,0,1,,Force,FALSE,,FALSE,FALSE,2,,,
435,"Dandelion Musketeer, Mirkka",Neo Nectar,Zoo,1,8000,10000,1,,,FALSE,,TRUE,FALSE,1,,,
436,Maiden of Blossom Rain,Neo Nectar,Zoo,0,5000,0,1,,,TRUE,Draw,TRUE,FALSE,1,,,Sentinel
437,Million Ray Pegasus,Angel Feather,United Sanctuary,2,9000,5000,1,,,FALSE,,FALSE,TRUE,1,,,
438,"Underlay Celestial, Hesediel",Angel Feather,United Sanctuary,1,8000,10000,1,,,FALSE,,TRUE,FALSE,1,,,
439,Thousand Ray Pegasus,Angel Feather,United Sanctuary,1,8000,10000,1,,,FALSE,,TRUE,FALSE,1,,,
440,"Marking Celestial, Arabhaki",Angel Feather,United Sanctuary,1,8000,10000,1,,,FALSE,,TRUE,FALSE,1,,,
441,Shadowless Angel,Angel Feather,United Sanctuary,1,7000,0,1,,,FALSE,,TRUE,FALSE,1,,,Sentinel
442,"Sacred Guardian Beast, Nemean Lion",Gold Paladin,United Sanctuary,2,9000,5000,1,,,FALSE,,FALSE,TRUE,1,,,
443,Lop Ear Shooter,Gold Paladin,United Sanctuary,2,9000,5000,1,,,FALSE,,FALSE,TRUE,1,,,
444,"Evil Slaying Swordsman, Haugan",Gold Paladin,United Sanctuary,1,8000,10000,1,,,FALSE,,TRUE,FALSE,1,,,
445,Cladcrest Lion,Gold Paladin,United Sanctuary,1,7000,0,1,,,FALSE,,TRUE,FALSE,1,,,Sentinel
446,"Listener of Truth, Dindrane",Gold Paladin,United Sanctuary,1,7000,10000,1,,,FALSE,,TRUE,FALSE,1,,,
447,Exploding Tomato,Neo Nectar,Zoo,3,13000,0,1,,Force,FALSE,,FALSE,FALSE,2,,,
448,"Lily of the Valley Musketeer, Kaivant",Neo Nectar,Zoo,2,10000,5000,1,,,FALSE,,FALSE,TRUE,1,,,
449,"Spiritual Tree Sage, Irminsul",Neo Nectar,Zoo,2,10000,5000,1,,,FALSE,,FALSE,TRUE,1,,,
450,Fruits Basket Elf,Neo Nectar,Zoo,1,8000,10000,1,,,FALSE,,TRUE,FALSE,1,,,
451,"Guardian Force Fist Deity, Oni Burdoc",Neo Nectar,Zoo,1,7000,0,1,,,FALSE,,TRUE,FALSE,1,,,Sentinel
452,Perdurable Phoenix,Angel Feather,United Sanctuary,3,12000,0,1,,,FALSE,,FALSE,FALSE,2,,,
453,"Essence Celestial, Becca",Angel Feather,United Sanctuary,2,9000,5000,1,,,FALSE,,FALSE,TRUE,1,,,
454,"Shocking Shot, Nuwqael",Angel Feather,United Sanctuary,2,9000,5000,1,,,FALSE,,FALSE,TRUE,1,,,
455,Doctroid Eiter,Angel Feather,United Sanctuary,2,8000,5000,1,,,FALSE,,FALSE,TRUE,1,,,
456,Syringe Lesser,Angel Feather,United Sanctuary,1,7000,10000,1,,,FALSE,,TRUE,FALSE,1,,,
457,Doctroid Circadian,Angel Feather,United Sanctuary,1,7000,15000,1,,,FALSE,,TRUE,FALSE,1,,,
458,"First Aid Celestial, Peniel",Angel Feather,United Sanctuary,0,6000,10000,1,,,FALSE,,TRUE,FALSE,1,,,
459,Critical Hit Angel,Angel Feather,United Sanctuary,0,5000,15000,1,,,TRUE,Critical,TRUE,FALSE,1,,,
460,"Hot Shot Celestial, Samyaza",Angel Feather,United Sanctuary,0,5000,15000,1,,,TRUE,Critical,TRUE,FALSE,1,,,
461,Bouquet Toss Messenger,Angel Feather,United Sanctuary,0,5000,5000,1,,,TRUE,Draw,TRUE,FALSE,1,,,
462,Sunny Smile Angel,Angel Feather,United Sanctuary,0,5000,20000,1,,,TRUE,Heal,TRUE,FALSE,1,,,
463,Mach Slash Dragon,Gold Paladin,United Sanctuary,3,12000,0,1,,,FALSE,,FALSE,FALSE,2,,,
464,"Knight of Heroism, Tornus",Gold Paladin,United Sanctuary,2,9000,5000,1,,,FALSE,,FALSE,TRUE,1,,,
465,Waving Owl,Gold Paladin,United Sanctuary,1,9000,0,1,,,FALSE,,TRUE,FALSE,1,,,
466,"Knight of Elegant Skills, Gareth",Gold Paladin,United Sanctuary,1,8000,10000,1,,,FALSE,,TRUE,FALSE,1,,,
467,"Crimson Lion Cub, Kyrph",Gold Paladin,United Sanctuary,0,6000,10000,1,,,FALSE,,TRUE,FALSE,1,,,
468,"Knight of Blue Skies, Shanak",Gold Paladin,United Sanctuary,0,5000,15000,1,,,TRUE,Critical,TRUE,FALSE,1,,,
469,Flame of Victory,Gold Paladin,United Sanctuary,0,5000,15000,1,,,TRUE,Critical,TRUE,FALSE,1,,,
470,Foresight Courier,Gold Paladin,United Sanctuary,0,5000,5000,1,,,TRUE,Draw,TRUE,FALSE,1,,,
471,Dantegal,Gold Paladin,United Sanctuary,0,5000,15000,1,,,TRUE,Front,TRUE,FALSE,1,,,
472,"Knight of Forceful Fight, Nalnes",Gold Paladin,United Sanctuary,0,5000,15000,1,,,TRUE,Front,TRUE,FALSE,1,,,
473,Elixir Sommelier,Gold Paladin,United Sanctuary,0,5000,20000,1,,,TRUE,Heal,TRUE,FALSE,1,,,
474,Maiden of Pure Splash,Neo Nectar,Zoo,3,13000,0,1,,,FALSE,,FALSE,FALSE,2,,,
475,Iris Knight,Neo Nectar,Zoo,2,10000,5000,1,,,FALSE,,FALSE,TRUE,1,,,
476,Spinach Advisor,Neo Nectar,Zoo,2,10000,5000,1,,,FALSE,,FALSE,TRUE,1,,,
477,Maiden of Salix,Neo Nectar,Zoo,2,10000,10000,1,,,FALSE,,FALSE,TRUE,1,,,
478,Corolla Dragon,Neo Nectar,Zoo,1,8000,10000,1,,,FALSE,,TRUE,FALSE,1,,,
479,"Knight of Coprosperity, Craig",Neo Nectar,Zoo,1,7000,10000,1,,,FALSE,,TRUE,FALSE,1,,,
480,"Broccolini Musketeer, Kirah",Neo Nectar,Zoo,0,6000,10000,1,,,FALSE,,TRUE,FALSE,1,,,
481,"Night Queen Musketeer, Daniel",Neo Nectar,Zoo,0,5000,15000,1,,,TRUE,Critical,TRUE,FALSE,1,,,
482,Chestnut Bullet,Neo Nectar,Zoo,0,5000,15000,1,,,TRUE,Critical,TRUE,FALSE,1,,,
483,Dancing Sunflower,Neo Nectar,Zoo,0,5000,5000,1,,,TRUE,Draw,TRUE,FALSE,1,,,
484,Watering Elf,Neo Nectar,Zoo,0,5000,20000,1,,,TRUE,Heal,TRUE,FALSE,1,,,
